name,short_name,type,street,house_number,postcode,town,lat,lon,name_de,name_fr,name_it,ror_id,wikidata_id,coara_signatory,dora_signatory,coara_member,grid_id,isni_id,crossref_funder_id,geonames_id
University of Basel,UNIBAS,University,Petersplatz,1,4001,Basel,47.5584,7.5834,Universität Basel,Université de Bâle,Università di Basilea,https://ror.org/02s6k3f65,Q372608,No,Yes,No,grid.6612.3,0000 0004 1937 0642,100008375,2661604
University of Bern,UniBE,University,Hochschulstrasse,6,3012,Bern,46.9505,7.4381,Universität Bern,Université de Berne,Università di Berna,https://ror.org/02k7v4d05,Q659080,No,Yes,No,grid.5734.5,0000 0001 0726 5157,100009068,2661552
University of Fribourg,UniFr,University,Avenue de l’Europe,20,1700,Fribourg,46.8065,7.1523,Universität Freiburg,Université de Fribourg,Università di Friburgo,https://ror.org/022fs9h90,Q36188,Yes,Yes,Yes,grid.8534.a,0000 0004 0478 1713,501100005869,2660718
University of Geneva,UNIGE,University,Rue de Candolle,5,1211,Geneva,46.2017,6.1430,Universität Genf,Université de Genève,Università di Ginevra,https://ror.org/01swzsf04,Q503473,Yes,Yes,No,grid.8591.5,0000 0001 2175 2154,501100006389,2660646
University of Lausanne,UNIL,University,Unicentre,,1015,Lausanne,46.5213,6.5743,Universität Lausanne,Université de Lausanne,Università di Losanna,https://ror.org/019whta54,Q658975,Yes,Yes,No,grid.9851.5,0000 0001 2165 4204,501100006390,2659994
University of Lucerne,UniLu,University,Frohburgstrasse,3,6002,Lucerne,47.0494,8.3105,Universität Luzern,Université de Lucerne,Università di Lucerna,https://ror.org/00kgrkn83,Q673308,No,Yes,No,grid.449852.6,0000 0001 1456 7938,,2659811
University of Neuchâtel,UniNE,University,Avenue du Premier-Mars,26,2000,Neuchâtel,46.9936,6.9387,Universität Neuenburg,Université de Neuchâtel,Università di Neuchâtel,https://ror.org/00vasag41,Q541548,No,Yes,No,grid.10711.36,0000 0001 2297 7718,501100005353,2659496
University of St. Gallen,HSG,University,Dufourstrasse,50,9000,Saint Gallen,47.4316,9.3746,Universität St.Gallen,Université de Saint-Gall,Università di San Gallo,https://ror.org/0561a3s31,Q673354,No,No,No,grid.15775.31,0000 0001 2156 6618,100009572,2658822
University of Zurich,UZH,University,Rämistrasse,71,8006,Zurich,47.3743,8.5484,Universität Zürich,Université de Zurich,Università di Zurigo,https://ror.org/02crff812,Q206702,Yes,Yes,No,grid.7400.3,0000 0004 1937 0650,501100006447,2657896
Università della Svizzera italiana,USI,University,Via Buffi,13,6900,Lugano,46.0104,8.9582,Universität der italienischen Schweiz,Université de la Suisse italienne,Università della Svizzera italiana,https://ror.org/03c4atk17,Q689617,No,Yes,No,grid.29078.34,0000 0001 2203 2861,,2659836
Swiss Federal Institute of Technology Lausanne,EPFL,University,Route Cantonale,,1015,Lausanne,46.5191,6.5668,ETH Lausanne,École Polytechnique Fédérale de Lausanne,Politecnico federale di Losanna,https://ror.org/02s376052,Q262760,Yes,Yes,No,grid.5333.6,0000 0001 2183 9049,501100001703,2659994
Swiss Federal Institute of Technology Zurich,ETHZ,University,Rämistrasse,101,8092,Zurich,47.3763,8.5477,Eidgenössische Technische Hochschule Zürich,École Polytechnique Fédérale de Zurich,Politecnico Federale di Zurigo,https://ror.org/05a28rw58,Q11942,Yes,Yes,Yes,grid.5801.c,0000 0001 2156 2780,501100003006,2657896
Graduate Institute of International and Development Studies,IHEID,Univ. Inst.,Chemin Eugène-Rigot,2,1202,Geneva,46.2232,6.1465,Hochschulinstitut für internationale Studien und Entwicklung,Institut de Hautes études Internationales et du Développement,Istituto di alti studi internazionali e dello sviluppo,https://ror.org/007ygn379,Q691686,No,No,No,grid.424404.2,0000 0001 2296 9873,,2660646
Distance Learning University Switzerland,FernUni,Univ. Inst.,Überlandstrasse,12,3900,Brig,46.3196,7.9889,FernUni Schweiz,UniDistance Suisse,UniDistance Svizzera,https://ror.org/03exthx58,Q54485122,No,Yes,No,grid.508506.e,0000 0000 9105 9032,,2661394
Franklin University Switzerland,FUS,Univ. Inst.,Via Ponte Tresa,29,6924,Lugano,46.0022,8.9358,Franklin University Switzerland,Franklin University Switzerland,Università Franklin Svizzera,https://ror.org/0217vcy92,Q4521759,No,No,No,grid.448816.7,0000 0004 0516 7248,,2659836
Faculty of Theology of Lugano,FTL,Univ. Inst.,Via Buffi,13,6900,Lugano,46.0108,8.9590,Theologische Fakultät Lugano,Faculté de Théologie de Lugano,Facoltà di Teologia di Lugano,,Q6516648,No,No,No,grid.446080.e,0000 0000 8775 4235,,2659836
Staatsunabhängige Theologische Hochschule Basel,STH Basel,Univ. Inst.,Mühlestiegrain,50,4125,Riehen,47.5878,7.6441,Staatsunabhängige Theologische Hochschule Basel,STH Bâle,STH Basilea,https://ror.org/01pycny91,Q2325341,No,No,No,grid.469487.0,0000 0004 0495 9569,,3206590
Theologische Hochschule Chur,THC,Univ. Inst.,Alte Schanfiggerstrasse,7,7000,Chur,46.8479,9.5362,Theologische Hochschule Chur,Haute école de théologie de Coire,Facoltà di Teologia di Coira,https://ror.org/0326ky169,Q2418967,No,No,No,grid.483675.b,0000 0001 2375 1286,,2661169
Bern University of Applied Sciences,BFH,UAS,Falkenplatz,24,3012,Bern,46.9530,7.4347,Berner Fachhochschule,Haute école spécialisée bernoise,Scuola universitaria professionale bernese,https://ror.org/02bnkt322,Q466455,Yes,Yes,Yes,grid.424060.4,0000 0001 0688 6779,501100006259,2661552
University of Applied Sciences of the Grisons,FHGR,UAS,Pulvermühlestrasse,57,7000,Chur,46.8533,9.5133,Hochschule für Technik und Wirtschaft Chur,Haute école spécialisée des Grisons,Scuola universitaria professionale dei Grigioni,https://ror.org/032ymzc07,Q1622220,No,No,No,grid.460104.7,0000 0000 8718 2812,,2661169
University of Applied Sciences Northwestern Switzerland,FHNW,UAS,Bahnhofstrasse,6,5210,Windisch,47.4812,8.2127,Fachhochschule Nordwestschweiz,Haute école spécialisée du Nord-Ouest de la Suisse,Scuola universitaria professionale della Svizzera nord-occidentale,https://ror.org/04mq2g308,,Yes,Yes,Yes,grid.410380.e,0000 0001 1497 8091,,2657976
HES-SO University of Applied Sciences and Arts Western Switzerland,HES-SO,UAS,Route de Moutier,14,2800,Delémont,47.3653,7.3575,Fachhochschule Westschweiz,Haute École Spécialisée de Suisse Occidentale,Scuola universitaria professionale della Svizzera occidentale,https://ror.org/01xkakk17,Q168003,Yes,Yes,Yes,grid.5681.a,0000 0001 0943 1999,,2661035
Lucerne University of Applied Sciences and Arts,HSLU,UAS,Werftestrasse,4,6002,Lucerne,47.0468,8.3106,Hochschule Luzern,Haute École de Lucerne,Scuola universitaria professionale di Lucerna,https://ror.org/04nd0xd48,Q664028,Yes,Yes,Yes,grid.425064.1,0000 0001 2191 8943,501100018744,2659811
Kalaidos University of Applied Sciences,Kalaidos,UAS,Jungholzstrasse,43,8050,Zurich,47.4116,8.5447,Kalaidos Fachhochschule,Kalaidos Haute école spécialisée,Kalaidos Scuola universitaria professionale,https://ror.org/049c2kr37,Q681372,No,No,No,grid.449532.d,0000 0004 0453 9054,,2657896
OST - Eastern Switzerland University of Applied Sciences,OST,UAS,Oberseestrasse,10,8640,Rapperswil,47.2233,8.8174,Ostschweizer Fachhochschule OST,Haute école spécialisée de la Suisse orientale,Scuola universitaria professionale della Svizzera orientale,https://ror.org/038mj2660,,No,No,No,grid.510272.3,,,2659099
University of Applied Sciences and Arts of Southern Switzerland,SUPSI,UAS,Le Gerre,,6928,Bioggio,46.0240,8.9177,Fachhochschule der italienischen Schweiz,Haute école spécialisée de la Suisse italienne,Scuola Universitaria Professionale della Svizzera Italiana,https://ror.org/05ep8g269,Q663984,No,No,No,grid.16058.3a,0000 0001 2325 2233,,2661498
Zurich University of the Arts,ZHdK,UAS,Pfingstweidstrasse,96,8005,Zurich,47.3923,8.5118,Zürcher Hochschule der Künste,Haute École d'Art de Zurich,Alta Scuola d'Arte di Zurigo,https://ror.org/05r0ap620,Q222450,Yes,No,Yes,grid.449912.3,0000 0001 2187 6018,,2657896
Zurich University of Applied Sciences,ZHAW,UAS,Gertrudstrasse,15,8400,Winterthur,47.5005,8.7247,ZHAW Zürcher Hochschule für Angewandte Wissenschaften,ZHAW Haute école des sciences appliquées de Zurich,ZHAW Università di scienze applicate di Zurigo,https://ror.org/05pmsvm27,Q2605554,Yes,Yes,Yes,grid.19739.35,0000 0001 2229 1644,501100022500,2657970
HWZ University of Applied Sciences in Business Administration,HWZ,UAS,Lagerstrasse,5,8021,Zurich,47.3783,8.5327,Hochschule für Wirtschaft Zürich,Haute école de gestion de Zurich,Scuola universitaria di economia di Zurigo,https://ror.org/02ejkey04,Q1488771,No,No,No,grid.449909.9,0000 0001 0008 3713,,2657896
Swiss Federal University for Vocational Education and Training,SFUVET,UTE,Kirchlindachstrasse,79,3052,Zollikofen,46.9953,7.4566,Eidgenössische Hochschule für Berufsbildung EHB,Haute école fédérale en formation professionnelle HEFP,Scuola universitaria federale per la formazione professionale SUFFP,https://ror.org/00zg4za48,Q1302632,No,No,No,grid.466173.1,0000 0001 2285 5681,,2657913
Haute école pédagogique - BEJUNE,HEP-BEJUNE,UTE,Chemin de la Ciblerie,45,2503,Porrentruy,47.1364,7.2467,Pädagogische Hochschule BEJUNE,Haute École Pédagogique BEJUNE,Alta scuola pedagogica BEJUNE,https://ror.org/015pmkr43,,No,No,No,grid.469449.2,0000 0001 0658 3479,,2659171
University of Teacher Education Fribourg,HEP | PH FR,UTE,Rue de Morat,36,1700,Fribourg,46.8093,7.1528,Pädagogische Hochschule Freiburg,Haute École Pédagogique Fribourg,Alta scuola pedagogica Friburgo,https://ror.org/048gre751,,No,Yes,Yes,grid.469451.b,0000 0001 0266 4909,,2660718
University of Teacher Education Vaud,HEP Vaud,UTE,Avenue de Cour,33,1007,Lausanne,46.5160,6.6231,Pädagogische Hochschule Waadt,Haute École Pédagogique du Canton de Vaud,Alta scuola pedagogica del Canton Vaud,https://ror.org/01bvm0h13,,Yes,Yes,Yes,grid.466224.0,0000 0004 0613 4050,,2659994
University of Teacher Education in Special Needs,HfH,UTE,Schaffhauserstrasse,239,8050,Zurich,47.4114,8.5463,Interkantonale Hochschule für Heilpädagogik,Haute école intercantonale de pédagogie curative,Alta scuola intercantonale di pedagogia curativa,https://ror.org/00w9q2c06,Q1666124,No,Yes,No,grid.466279.8,0000 0001 0710 6332,,2657896
University of Teacher Education Bern,PHBern,UTE,Fabrikstrasse,8,3012,Bern,46.9556,7.4191,Pädagogische Hochschule Bern,Haute école pédagogique de Berne,Alta scuola pedagogica di Berna,https://ror.org/05jf1ma54,,No,Yes,Yes,grid.454333.6,0000 0000 8585 5665,,2661552
University of Teacher Education Graubünden,PHGR,UTE,Scalärastrasse,17,7000,Chur,46.8587,9.5309,Pädagogische Hochschule Graubünden,Haute école pédagogique des Grisons,Alta scuola pedagogica dei Grigioni,https://ror.org/02fjgft97,,No,No,No,grid.469478.0,0000 0000 9317 283X,,2661169
University of Teacher Education Lucerne,PH Luzern,UTE,Pfistergasse,20,6000,Lucerne,47.0511,8.3013,Pädagogische Hochschule Luzern,Haute école pédagogique de Lucerne,Alta scuola pedagogica di Lucerna,https://ror.org/0235ynq74,,No,No,No,grid.465965.d,0000 0001 0348 1637,,2659811
University of Teacher Education Schaffhausen,PHSH,UTE,Ebnatstrasse,80,8200,Schaffhausen,47.6973,8.6366,Pädagogische Hochschule Schaffhausen,Haute école pédagogique de Schaffhouse,Alta scuola pedagogica di Sciaffusa,https://ror.org/03fs41j10,,No,No,No,grid.466133.5,0000 0004 0450 7546,,2658761
University of Teacher Education Schwyz,PHSZ,UTE,Zaystrasse,42,6410,Goldau,47.0493,8.5478,Pädagogische Hochschule Schwyz,Haute école pédagogique de Schwyz,Alta scuola pedagogica di Svitto,https://ror.org/00rqdn375,Q2044172,Yes,Yes,No,grid.466169.a,0000 0004 0613 7454,,2660573
St.Gallen University of Teacher Education,PHSG,UTE,Notkerstrasse,27,9000,Saint Gallen,47.4304,9.3855,Pädagogische Hochschule St.Gallen,Haute école pédagogique de Saint-Gall,Alta scuola pedagogica di San Gallo,https://ror.org/05m37v666,Q1768652,Yes,No,No,grid.466208.e,0000 0001 0271 5139,,2658822
Thurgau University of Teacher Education,PHTG,UTE,Unterer Schulweg,3,8280,Kreuzlingen,47.6493,9.1772,Pädagogische Hochschule Thurgau,Haute école pédagogique de Thurgovie,Alta scuola pedagogica di Turgovia,https://ror.org/04bf6dq94,Q2120213,No,No,No,grid.466322.7,0000 0004 0613 3824,,2660108
University of Teacher Education Valais,HEP-VS,UTE,Avenue du Simplon,13,1890,Brig,46.2201,7.0033,Pädagogische Hochschule Wallis,Haute École Pédagogique du Valais,Alta scuola pedagogica del Vallese,https://ror.org/040gs8e06,Q1001137,No,Yes,No,grid.466216.1,0000 0001 2178 3217,,2661394
University of Teacher Education Zug,PH Zug,UTE,Zugerbergstrasse,3,6300,Zug,47.1643,8.5161,Pädagogische Hochschule Zug,Haute école pédagogique de Zoug,Alta scuola pedagogica di Zugo,https://ror.org/05ghhx264,,No,No,No,grid.466274.5,0000 0004 0449 2225,,2657908
University of Teacher Education Zurich,PH Zurich,UTE,Lagerstrasse,2,8090,Zurich,47.3792,8.5323,Pädagogische Hochschule Zürich,Haute école pédagogique de Zurich,Alta scuola pedagogica di Zurigo,https://ror.org/01awgk221,,Yes,Yes,Yes,grid.483054.e,0000 0000 9666 1858,,2657896
Institute of Teacher Education PH NMS Bern,PH NMS Bern,UTE,Waisenhausplatz,29,3011,Bern,46.9507,7.4452,Pädagogische Hochschulinstitut NMS,Institut de formation des enseignants PH NMS Bern,Pädagogisches Hochschulinstitut NMS Bern,https://ror.org/04shhzf53,,No,No,No,,,,2661552
University of Speech Therapy Eastern Switzerland,hlo,UTE,Rorschacher Strasse,150,9000,Saint Gallen,47.4232,9.3703,hlo,Haute école suisse de logopédie Rorschach,Alta scuola svizzera di logopedia di Rorschach,https://ror.org/051rtfe77,Q2256173,No,No,No,grid.469491.7,0000 0004 0450 760X,,2658822
